fact_id,claim,value,source_class,source_url,verified_on,used_on
BW-01,Bitwarden free tier limits,Unlimited passwords & unlimited devices,official,https://bitwarden.com/pricing/,2026-09-06,"reviews/bitwarden; comparisons/1password-vs-bitwarden; guides/free-vs-paid; pillar"
BW-02,Bitwarden Premium price,"$1.65/mo, billed annually at $19.80",official,https://bitwarden.com/pricing/,2026-09-06,"reviews/bitwarden; pillar; comparison"
BW-03,Bitwarden Families price,"$3.99/mo, 6 users, billed $47.88/yr",official,https://bitwarden.com/pricing/,2026-09-06,"reviews/bitwarden; usecases/families; pillar"
BW-04,Bitwarden Teams / Enterprise,"$4 / $6 per user per month billed annually",official,https://bitwarden.com/pricing/,2026-09-06,"reviews/bitwarden; comparison"
BW-05,Bitwarden Premium 2026 price increase,"Premium rose from $10 to $19.80/yr in January 2026",corroborated,https://toolradar.com/blog/best-password-managers-2026,2026-09-06,"reviews/bitwarden; comparison; alternatives/bitwarden"
BW-06,Bitwarden Premium inclusions,TOTP authenticator + 5 GB attachments + emergency access + vault health reports,official,https://bitwarden.com/pricing/,2026-09-06,"reviews/bitwarden; guides/free-vs-paid"
BW-07,Bitwarden open source & self-host,Open-source clients/server; self-host documented,official,https://bitwarden.com/pricing/,2026-09-06,"reviews/bitwarden; pillar"
BW-08,Bitwarden affiliate program,No public consumer affiliate program found,observation,https://bitwarden.com,2026-09-06,"reviews/bitwarden; affiliate-disclosure; brands"
1P-01,1Password Individual regular price,"$3.99/mo billed annually (≈$47.88/yr)",official,https://1password.com/personal-family-security,2026-09-06,"reviews/1password; comparison; pillar"
1P-02,1Password Individual first-year promo,"$2.99/mo first year for new customers, annual billing",official,https://1password.com/personal-family-security,2026-09-06,"reviews/1password; deals; homepage"
1P-03,1Password Families regular price,"$5.99/mo billed annually; up to 5 invited members",official,https://1password.com/personal-family-security,2026-09-06,"reviews/1password; usecases/families; pillar"
1P-04,1Password Families first-year promo,"$4.49/mo first year for new customers",official,https://1password.com/personal-family-security,2026-09-06,"reviews/1password; deals; homepage"
1P-05,1Password free tier,None — 14-day free trial instead,official,https://1password.com/pricing/personal,2026-09-06,"reviews/1password; guides/free-vs-paid"
1P-06,1Password security model,AES-256 + account Secret Key; audits published by vendor,vendor,https://1password.com/security,2026-09-06,"reviews/1password; comparison"
1P-07,1Password business pricing,"Quote-led; third-party 2026 reports ≈$7.99–8.99/user/mo (NOT verified by us)",third-party,https://kurums.com/best-password-managers-2026-comparison/,2026-09-06,"reviews/1password; comparison"
1P-08,1Password affiliate program,"Public program (third-party listings: ~$2/signup + 25% first payment)",third-party,https://commissiondex.com/programs/1password/,2026-09-06,"affiliate-disclosure; brands; reviews/1password"
NP-01,NordPass free tier,One device at a time; unlimited passwords,corroborated,https://cybernews.com/best-password-managers/nordpass-vs-proton-pass/,2026-09-06,"reviews/nordpass; guides/free-vs-paid"
NP-02,NordPass paid pricing range,≈$1.29–1.99/mo depending on term/promotion (1yr vs 2yr),corroborated,https://cybernews.com/best-password-managers/nordpass-vs-proton-pass/,2026-09-06,"reviews/nordpass; pillar (published as range)"
NP-03,NordPass Family range,≈$2.32–2.79/mo for 6 users depending on term,corroborated,https://cybernews.com/best-password-managers/nordpass-vs-proton-pass/,2026-09-06,"reviews/nordpass; usecases/families"
NP-04,NordPass encryption,XChaCha20; zero-knowledge,corroborated,https://ifeeltech.com/blog/best-password-manager,2026-09-06,"reviews/nordpass"
NP-05,NordPass business price,≈$3.59/user/mo (reported),third-party,https://ifeeltech.com/blog/best-password-manager,2026-09-06,"reviews/nordpass"
NP-06,NordPass affiliate program,"Impact network, ~30%/sale (third-party listing)",third-party,https://affiliateprogramfinder.com/affiliate-programs/nordpass-affiliate-program/,2026-09-06,"affiliate-disclosure; brands"
PP-01,Proton Pass free tier,"Unlimited logins/notes/cards; unlimited devices; 10 aliases; passkeys; health alerts",official,https://proton.me/pass/pricing,2026-09-06,"reviews/proton-pass; guides/free-vs-paid; pillar"
PP-02,Proton Pass Plus features,"Unlimited aliases, integrated 2FA, vault sharing, dark-web monitoring, attachments, emergency access, CLI",official,https://proton.me/pass/pricing,2026-09-06,"reviews/proton-pass"
PP-03,Proton Pass paid-tier prices,Rendered dynamically on official page; 2026 third-party sources conflict ($1.99–2.99/mo) — PUBLISHED AS 'see official checkout',observation,https://proton.me/pass/pricing,2026-09-06,"reviews/proton-pass (no figures published)"
PP-04,Proton money-back guarantee,30-day money-back guarantee on paid plans,official,https://proton.me/pass/pricing,2026-09-06,"reviews/proton-pass; deals"
PP-05,Proton user base,Vendor-reported 100M+ users,vendor,https://proton.me/pass/pricing,2026-09-06,"reviews/proton-pass (labeled vendor-reported)"
KP-01,KeePassXC model,Free; open source; local-only vault (no cloud),corroborated,https://dupple.com/learn/best-password-managers,2026-09-06,"pillar (also-ran note)"
DL-01,Dashlane pricing,"$4.99/mo Premium; free tier discontinued",corroborated,https://toolradar.com/blog/best-password-managers-2026,2026-09-06,"pillar (rejected contenders)"
LP-01,LastPass status,"~$3/mo; free 1 device type; 2022 breach disclosures keep it off recommendations",corroborated,https://toolradar.com/blog/best-password-managers-2026,2026-09-06,"pillar (rejected contenders)"
MKT-01,G2/Capterra trust criticism,"Recurring independent concerns: review authenticity, vendor influence, moderation asymmetry; G2 Trustpilot ≈3.0/5 on ~4.9k reviews",corroborated,https://checkthat.ai/brands/g2,2026-09-06,"strategy/04-competitor-gap-strategy (internal only; not published on-site as fact about named competitors beyond 'public discussions report')"
MKT-02,SERP composition for launch cluster,"2026 'best password manager' SERP dominated by undated affiliate listicles",observation,"SERP review 2026-09-06 (multiple sources)",2026-09-06,"strategy docs (internal)"
